timestamp,market_data,rule_decision,ai_decision,improvement
2025-11-24 18:31:15.443375,"{'price': 111947.48, 'rsi': 63.019852154650756, 'sma20': 111569.4425, 'sma50': 110838.7674, 'sma200': 110238.3824, 'ema12': 111886.677181033, 'ema26': 111509.85846695336, 'macd': 376.81871407963627, 'atr': 582.7321428571439}","{'action': 'BUY', 'position_size': 10.0, 'reason': 'SMA50>SMA200 & MACD>0 & RSI>55', 'conditions': ['Bullish']}","{'action': 'BUY', 'position_size': 10.0, 'reason': 'SMA50>SMA200 & MACD>0 & RSI>55', 'improvement': 'The rule-based strategy is not optimal due to the low price and neutral RSI. The improved strategy would be to enter a long position at a price above the SMA200 and MACD crossover point.'}",The rule-based strategy is not optimal due to the low price and neutral RSI. The improved strategy would be to enter a long position at a price above the SMA200 and MACD crossover point.
2025-11-24 18:31:26.093369,"{'price': 110640.97, 'rsi': 27.31539748087954, 'sma20': 111592.97, 'sma50': 111160.47700000001, 'sma200': 110247.53784999998, 'ema12': 111083.97773398006, 'ema26': 111247.64898190924, 'macd': -163.67124792917457, 'atr': 424.61857142857167}","{'action': 'SELL', 'position_size': 5.0, 'reason': 'EMA12<EMA26', 'conditions': ['EMA_Downtrend']}","{'action': 'SELL', 'position_size': 5.0, 'reason': 'EMA12<EMA26', 'improvement': 'The rule-based strategy is not optimal due to the bearish price action and oversold RSI. The EMA crossover might be a better signal for a bullish trend.'}",The rule-based strategy is not optimal due to the bearish price action and oversold RSI. The EMA crossover might be a better signal for a bullish trend.
2025-11-24 18:31:39.137193,"{'price': 109977.0, 'rsi': 36.449276824077664, 'sma20': 110679.63499999998, 'sma50': 111125.7, 'sma200': 110203.05189999999, 'ema12': 110228.34744196212, 'ema26': 110645.85390740659, 'macd': -417.50646544447227, 'atr': 487.08071428571566}","{'action': 'SELL', 'position_size': 5.0, 'reason': 'EMA12<EMA26', 'conditions': ['EMA_Downtrend']}","{'action': 'SELL', 'position_size': 5.0, 'reason': 'EMA12<EMA26', 'improvement': 'The rule-based strategy is not optimal due to the bearish price action and neutral RSI and MACD signals.'}",The rule-based strategy is not optimal due to the bearish price action and neutral RSI and MACD signals.
2025-11-24 18:31:53.925578,"{'price': 111445.0, 'rsi': 66.35593929388443, 'sma20': 110540.307, 'sma50': 111071.6342, 'sma200': 110151.63574999999, 'ema12': 110890.34190240942, 'ema26': 110808.79974512296, 'macd': 81.54215728645795, 'atr': 541.6614285714313}","{'action': 'BUY', 'position_size': 10.0, 'reason': 'SMA50>SMA200 & MACD>0 & RSI>55', 'conditions': ['Bullish']}","{'action': 'BUY', 'position_size': 10.0, 'reason': 'SMA50>SMA200 & MACD>0 & RSI>55', 'improvement': 'The rule-based strategy is not optimal due to the low price and neutral RSI. The improved strategy would be to enter a long position at a price above the SMA200 and when the RSI is above 55.'}",The rule-based strategy is not optimal due to the low price and neutral RSI. The improved strategy would be to enter a long position at a price above the SMA200 and when the RSI is above 55.
2025-11-24 18:32:07.043978,"{'price': 110569.99, 'rsi': 50.86255015207763, 'sma20': 111572.13200000001, 'sma50': 111310.16040000001, 'sma200': 110167.2517, 'ema12': 111982.05959190834, 'ema26': 111594.74568410577, 'macd': 387.3139078025706, 'atr': 687.0785714285709}","{'action': 'BUY', 'position_size': 5.0, 'reason': 'EMA12>EMA26', 'conditions': ['EMA_Uptrend']}","{'action': 'BUY', 'position_size': 5.0, 'reason': 'The price is above the EMA12 and EMA26 lines, indicating a potential bullish reversal. This suggests that the rule-based strategy is likely to generate a buy signal.', 'improvement': 'The inclusion of RSI and MACD indicators helps to confirm the trend and volatility of the market.'}",The inclusion of RSI and MACD indicators helps to confirm the trend and volatility of the market.
2025-11-24 18:35:13.058041,"{'price': 111520.43, 'rsi': 46.06580875326494, 'sma20': 111653.702, 'sma50': 111853.6176, 'sma200': 111146.94515, 'ema12': 111450.9991065602, 'ema26': 111622.14233349828, 'macd': -171.14322693808936, 'atr': 416.5299999999978}","{'action': 'SELL', 'position_size': 5.0, 'reason': 'EMA12<EMA26', 'conditions': ['EMA_Downtrend']}","{'action': 'SELL', 'position_size': 5.0, 'reason': 'The price is above the EMA26, indicating a potential downtrend. The RSI is neutral, suggesting a balanced market, while the MACD is bearish, indicating a potential bearish crossover. These factors suggest that the rule-based strategy may be overvalued.', 'improvement': 'The improved reasoning considers the price and trend dynamics, along with the RSI and MACD indicators.'}","The improved reasoning considers the price and trend dynamics, along with the RSI and MACD indicators."
2025-11-24 18:35:26.374516,"{'price': 113899.99, 'rsi': 89.89553677199484, 'sma20': 112006.5275, 'sma50': 112074.3518, 'sma200': 111302.45474999999, 'ema12': 112690.87175084399, 'ema26': 112252.76793542714, 'macd': 438.1038154168491, 'atr': 506.2007142857141}","{'action': 'BUY', 'position_size': 10.0, 'reason': 'SMA50>SMA200 & MACD>0 & RSI>55', 'conditions': ['Bullish']}","{'action': 'BUY', 'position_size': 10.0, 'reason': 'SMA50>SMA200 & MACD>0 & RSI>55', 'improvement': 'The rule-based strategy is not optimal. Including RSI as a factor might improve the decision.'}",The rule-based strategy is not optimal. Including RSI as a factor might improve the decision.
2025-11-24 18:35:43.062138,"{'price': 113885.7, 'rsi': 81.86124290576642, 'sma20': 113202.51200000002, 'sma50': 112369.468, 'sma200': 111470.96600000001, 'ema12': 113589.88861103868, 'ema26': 113071.89842123362, 'macd': 517.9901898050593, 'atr': 491.37357142857115}","{'action': 'BUY', 'position_size': 10.0, 'reason': 'SMA50>SMA200 & MACD>0 & RSI>55', 'conditions': ['Bullish']}","{'action': 'BUY', 'position_size': 10.0, 'reason': 'SMA50>SMA200 & MACD>0 & RSI>55', 'improvement': 'The rule-based strategy is not optimal due to the low price and negative MACD crossover. The improved strategy would be to enter a long position at a price above the SMA200 and wait for the MACD to turn bullish and RSI to recover above 55.'}",The rule-based strategy is not optimal due to the low price and negative MACD crossover. The improved strategy would be to enter a long position at a price above the SMA200 and wait for the MACD to turn bullish and RSI to recover above 55.
2025-11-24 18:35:59.427264,"{'price': 114062.32, 'rsi': 61.50601599005158, 'sma20': 113930.4425, 'sma50': 112761.72100000002, 'sma200': 111619.2576, 'ema12': 113992.80277788751, 'ema26': 113620.53002718554, 'macd': 372.27275070197356, 'atr': 327.76214285714167}","{'action': 'BUY', 'position_size': 10.0, 'reason': 'SMA50>SMA200 & MACD>0 & RSI>55', 'conditions': ['Bullish']}","{'action': 'BUY', 'position_size': 10.0, 'reason': 'The price is above the SMA50 and SMA200, indicating a potential bullish trend. The MACD is also positive, suggesting a potential uptrend. The RSI is neutral, indicating a moderate amount of volatility. These factors suggest that the rule-based strategy is potentially optimal.', 'improvement': 'The improved reasoning incorporates the RSI and MACD indicators, which provide more context beyond just the price action.'}","The improved reasoning incorporates the RSI and MACD indicators, which provide more context beyond just the price action."
2025-11-24 18:36:33.030961,"{'price': 115318.0, 'rsi': 62.41861438846774, 'sma20': 114829.8565, 'sma50': 114032.18280000001, 'sma200': 111945.299, 'ema12': 115168.7467354164, 'ema26': 114730.70892018874, 'macd': 438.0378152276535, 'atr': 440.59499999999906}","{'action': 'BUY', 'position_size': 10.0, 'reason': 'SMA50>SMA200 & MACD>0 & RSI>55', 'conditions': ['Bullish']}","{'action': 'BUY', 'position_size': 10.0, 'reason': 'The price is above both the SMA50 and SMA200, indicating a potential bullish reversal. This suggests that the trend is likely to continue, increasing the potential profit.', 'improvement': 'The inclusion of both the SMA50 and SMA200 indicators provides a more nuanced and accurate assessment of the trend direction.'}",The inclusion of both the SMA50 and SMA200 indicators provides a more nuanced and accurate assessment of the trend direction.
2025-11-24 18:36:47.319445,"{'price': 115495.56, 'rsi': 52.403987639788056, 'sma20': 115217.375, 'sma50': 114528.20300000001, 'sma200': 112144.38625, 'ema12': 115174.88224433678, 'ema26': 114953.10844187392, 'macd': 221.7738024628634, 'atr': 363.49928571428507}","{'action': 'BUY', 'position_size': 5.0, 'reason': 'EMA12>EMA26', 'conditions': ['EMA_Uptrend']}","{'action': 'BUY', 'position_size': 5.0, 'reason': 'The price is above the EMA12 and EMA26 lines, indicating a potential bullish reversal. This suggests that the rule-based strategy is likely to be optimal.', 'improvement': 'The rule-based strategy is optimized by considering both the price and the relative strength of the trend.'}",The rule-based strategy is optimized by considering both the price and the relative strength of the trend.
2025-11-24 18:37:03.443946,"{'price': 115886.17, 'rsi': 61.44979332709121, 'sma20': 115603.89550000001, 'sma50': 114992.73620000001, 'sma200': 112437.72505000001, 'ema12': 115868.01400360427, 'ema26': 115547.53574957082, 'macd': 320.4782540334563, 'atr': 478.259285714284}","{'action': 'BUY', 'position_size': 10.0, 'reason': 'SMA50>SMA200 & MACD>0 & RSI>55', 'conditions': ['Bullish']}","{'action': 'BUY', 'position_size': 10.0, 'reason': 'SMA50>SMA200 & MACD>0 & RSI>55', 'improvement': 'The rule-based strategy is not optimal due to the low price and neutral RSI. The improved strategy would be to enter a long position at a price above the SMA200 and when the RSI is above 55.'}",The rule-based strategy is not optimal due to the low price and neutral RSI. The improved strategy would be to enter a long position at a price above the SMA200 and when the RSI is above 55.
2025-11-24 18:37:35.533433,"{'price': 115871.58, 'rsi': 46.606034708182335, 'sma20': 115807.6785, 'sma50': 115627.4962, 'sma200': 112861.27970000001, 'ema12': 115798.01078488503, 'ema26': 115743.80660403089, 'macd': 54.20418085413985, 'atr': 268.84357142857334}","{'action': 'BUY', 'position_size': 5.0, 'reason': 'EMA12>EMA26', 'conditions': ['EMA_Uptrend']}","{'action': 'BUY', 'position_size': 5.0, 'reason': 'The price is above the EMA12 and EMA26 lines, indicating a potential bullish breakout. This breakout could lead to a significant price increase.', 'improvement': 'The inclusion of RSI and MACD indicators provides a more nuanced understanding of the market context, allowing for better risk management.'}","The inclusion of RSI and MACD indicators provides a more nuanced understanding of the market context, allowing for better risk management."
2025-11-24 18:37:50.970557,"{'price': 115933.4, 'rsi': 62.630531234711505, 'sma20': 115788.54250000001, 'sma50': 115733.305, 'sma200': 113106.30494999999, 'ema12': 115827.62763911858, 'ema26': 115794.17932667844, 'macd': 33.448312440144946, 'atr': 206.77785714285918}","{'action': 'BUY', 'position_size': 10.0, 'reason': 'SMA50>SMA200 & MACD>0 & RSI>55', 'conditions': ['Bullish']}","{'action': 'BUY', 'position_size': 10.0, 'reason': 'SMA50>SMA200 & MACD>0 & RSI>55', 'improvement': 'The rule-based strategy is not optimal due to the low price and neutral RSI. The price is below the SMA50 and MACD crossover, indicating a potential bearish reversal. Additionally, the neutral RSI suggests a lack of strong trend direction.'}","The rule-based strategy is not optimal due to the low price and neutral RSI. The price is below the SMA50 and MACD crossover, indicating a potential bearish reversal. Additionally, the neutral RSI suggests a lack of strong trend direction."
2025-11-24 18:38:04.594673,"{'price': 115388.21, 'rsi': 40.89005183012563, 'sma20': 115724.20300000001, 'sma50': 115830.2274, 'sma200': 113342.77609999999, 'ema12': 115576.03077995688, 'ema26': 115668.6323016862, 'macd': -92.60152172931703, 'atr': 275.9000000000025}","{'action': 'SELL', 'position_size': 5.0, 'reason': 'EMA12<EMA26', 'conditions': ['EMA_Downtrend']}","{'action': 'BUY', 'position_size': 5.0, 'reason': 'The price is above the EMA12 and EMA26 lines, indicating a potential breakout opportunity.', 'improvement': 'The rule-based strategy is not optimal as it only considers two EMA lines, which may not capture all relevant signals.'}","The rule-based strategy is not optimal as it only considers two EMA lines, which may not capture all relevant signals."
2025-11-24 18:38:19.132679,"{'price': 116058.01, 'rsi': 59.866375603625045, 'sma20': 115599.63799999999, 'sma50': 115731.602, 'sma200': 113599.4827, 'ema12': 115575.90387580515, 'ema26': 115621.18582403926, 'macd': -45.28194823411468, 'atr': 367.076428571427}","{'action': 'SELL', 'position_size': 5.0, 'reason': 'EMA12<EMA26', 'conditions': ['EMA_Downtrend']}","{'action': 'SELL', 'position_size': 5.0, 'reason': 'The price is above the EMA26, indicating a potential downtrend. Additionally, the RSI is neutral, suggesting a balanced market, which could be a reason to be cautious about entering a long position.', 'improvement': 'The improved reasoning is based on the EMA crossover and RSI neutral signals, which are both relevant indicators for identifying potential downtrends.'}","The improved reasoning is based on the EMA crossover and RSI neutral signals, which are both relevant indicators for identifying potential downtrends."
2025-11-24 18:38:33.401697,"{'price': 114679.56, 'rsi': 45.31907165251956, 'sma20': 115395.433, 'sma50': 115594.59600000002, 'sma200': 113836.9653, 'ema12': 115085.52233542776, 'ema26': 115332.29941178496, 'macd': -246.77707635720435, 'atr': 557.201428571427}","{'action': 'SELL', 'position_size': 5.0, 'reason': 'EMA12<EMA26', 'conditions': ['EMA_Downtrend']}","{'action': 'SELL', 'position_size': 5.0, 'reason': 'EMA12<EMA26', 'improvement': 'The rule-based strategy is not optimal due to the bearish price action and neutral RSI and MACD signals. The improved strategy would be to enter a long position at a price above the EMA26 line.'}",The rule-based strategy is not optimal due to the bearish price action and neutral RSI and MACD signals. The improved strategy would be to enter a long position at a price above the EMA26 line.
2025-11-24 18:38:46.327796,"{'price': 115088.66, 'rsi': 56.40721347756035, 'sma20': 115192.08150000001, 'sma50': 115485.3632, 'sma200': 114039.01280000001, 'ema12': 115210.79634660442, 'ema26': 115270.24553413423, 'macd': -59.44918752981175, 'atr': 440.16928571428537}","{'action': 'SELL', 'position_size': 5.0, 'reason': 'EMA12<EMA26', 'conditions': ['EMA_Downtrend']}","{'action': 'SELL', 'position_size': 5.0, 'reason': 'EMA12<EMA26', 'improvement': 'The rule-based strategy is not optimal due to the bearish price action and neutral RSI and MACD signals. The EMA12<EMA26 condition is not met.'}",The rule-based strategy is not optimal due to the bearish price action and neutral RSI and MACD signals. The EMA12<EMA26 condition is not met.
2025-11-24 18:38:59.716983,"{'price': 115372.46, 'rsi': 49.84253911428777, 'sma20': 115339.995, 'sma50': 115415.177, 'sma200': 114258.5706, 'ema12': 115478.50899759684, 'ema26': 115404.93026199227, 'macd': 73.57873560457665, 'atr': 361.07999999999964}","{'action': 'BUY', 'position_size': 5.0, 'reason': 'EMA12>EMA26', 'conditions': ['EMA_Uptrend']}","{'action': 'BUY', 'position_size': 5.0, 'reason': 'The price is above the EMA12 and EMA26 lines, indicating a potential bullish breakout. This breakout could lead to a significant price increase.', 'improvement': 'The inclusion of RSI and MACD indicators helps identify potential entry and exit points for trading.'}",The inclusion of RSI and MACD indicators helps identify potential entry and exit points for trading.
2025-11-24 18:39:14.956144,"{'price': 116839.47, 'rsi': 69.52702060974458, 'sma20': 115732.122, 'sma50': 115488.53080000001, 'sma200': 114480.32824999999, 'ema12': 116098.47899834607, 'ema26': 115777.90337402342, 'macd': 320.5756243226497, 'atr': 439.7585714285711}","{'action': 'BUY', 'position_size': 10.0, 'reason': 'SMA50>SMA200 & MACD>0 & RSI>55', 'conditions': ['Bullish']}","{'action': 'BUY', 'position_size': 10.0, 'reason': 'The price is above both the SMA50 and SMA200, indicating a potential bullish trend. Additionally, the MACD is positive, suggesting a potential uptrend. These factors suggest that the rule-based strategy is likely to be optimal.', 'improvement': 'The improved reasoning is based on the addition of the RSI metric, which provides a more comprehensive view of market sentiment.'}","The improved reasoning is based on the addition of the RSI metric, which provides a more comprehensive view of market sentiment."
2025-11-24 18:39:30.657751,"{'price': 117234.27, 'rsi': 71.86772222868109, 'sma20': 116354.991, 'sma50': 115717.31820000001, 'sma200': 114702.7811, 'ema12': 116651.516673598, 'ema26': 116301.2589105589, 'macd': 350.25776303910243, 'atr': 418.2964285714282}","{'action': 'BUY', 'position_size': 10.0, 'reason': 'SMA50>SMA200 & MACD>0 & RSI>55', 'conditions': ['Bullish']}","{'action': 'BUY', 'position_size': 10.0, 'reason': 'SMA50>SMA200 & MACD>0 & RSI>55', 'improvement': 'The rule-based strategy is not optimal due to the low price and negative MACD crossover. The improved strategy would be to wait for a breakout above the SMA50 and a bullish MACD crossover before entering a long position.'}",The rule-based strategy is not optimal due to the low price and negative MACD crossover. The improved strategy would be to wait for a breakout above the SMA50 and a bullish MACD crossover before entering a long position.
2025-11-24 18:42:04.213646,"{'price': 115660.01, 'rsi': 44.88780385239874, 'sma20': 115802.09800000003, 'sma50': 116041.6718, 'sma200': 116032.63130000001, 'ema12': 115761.18251952423, 'ema26': 115828.5967064865, 'macd': -67.41418696226901, 'atr': 151.77714285714214}","{'action': 'SELL', 'position_size': 5.0, 'reason': 'EMA12<EMA26', 'conditions': ['EMA_Downtrend']}","{'action': 'SELL', 'position_size': 5.0, 'reason': 'EMA12<EMA26', 'improvement': 'The rule-based strategy is not optimal due to the bearish price action and the neutral RSI and MACD signals.'}",The rule-based strategy is not optimal due to the bearish price action and the neutral RSI and MACD signals.
2025-11-24 18:53:25.852516,"{'price': 121684.17, 'rsi': 26.81999233251686, 'sma20': 124061.95449999999, 'sma50': 124008.6622, 'sma200': 119877.50949999999, 'ema12': 123419.76806182547, 'ema26': 123874.34518222914, 'macd': -454.57712040367187, 'atr': 805.8164285714281}","{'action': 'SELL', 'position_size': 5.0, 'reason': 'EMA12<EMA26', 'conditions': ['EMA_Downtrend']}","{'action': 'SELL', 'position_size': 5.0, 'reason': 'EMA12<EMA26', 'improvement': 'The rule-based strategy is not optimal due to the overbought condition signaled by RSI.'}",The rule-based strategy is not optimal due to the overbought condition signaled by RSI.
2025-11-24 18:53:42.416011,"{'price': 122048.28, 'rsi': 28.065787884670968, 'sma20': 122616.3335, 'sma50': 123741.84960000002, 'sma200': 120306.51045, 'ema12': 122103.41876491951, 'ema26': 122730.30788308785, 'macd': -626.889118168343, 'atr': 905.8528571428562}","{'action': 'SELL', 'position_size': 5.0, 'reason': 'EMA12<EMA26', 'conditions': ['EMA_Downtrend']}","{'action': 'BUY', 'position_size': 20.0, 'reason': 'The price is above the EMA12 and EMA26 lines, indicating a potential breakout opportunity.', 'improvement': 'The RSI is oversold, suggesting a potential reversal in price direction.'}","The RSI is oversold, suggesting a potential reversal in price direction."
2025-11-24 18:55:41.654941,"{'price': 112514.58, 'rsi': 4.424803907539911, 'sma20': 118456.06000000001, 'sma50': 120420.12400000001, 'sma200': 122116.50349999999, 'ema12': 115802.07919062028, 'ema26': 118025.87424800126, 'macd': -2223.7950573809794, 'atr': 2408.219999999999}","{'action': 'HOLD', 'position_size': 0.0, 'reason': 'ATR > ATR_HIGH → HOLD', 'conditions': ['Volatile']}","{'action': 'HOLD', 'position_size': 0, 'reason': 'AI parse error', 'improvement': 'Used fallback'}",Used fallback
2025-11-24 19:15:51.352149,"{'price': 103037.9, 'rsi': 68.50322272618749, 'sma20': 102064.613, 'sma50': 102211.9426, 'sma200': 104723.42805, 'ema12': 102248.53063867404, 'ema26': 102141.32931009703, 'macd': 107.2013285770081, 'atr': 490.30785714285594}","{'action': 'BUY', 'position_size': 5.0, 'reason': 'EMA12>EMA26', 'conditions': ['EMA_Uptrend']}","{'action': 'BUY', 'position_size': 5.0, 'reason': 'The price is above the EMA12 and EMA26 lines, indicating a potential breakout opportunity. This could lead to a significant price increase.', 'improvement': 'The inclusion of RSI and MACD indicators provides a more nuanced understanding of the market context, allowing for better risk management.'}","The inclusion of RSI and MACD indicators provides a more nuanced understanding of the market context, allowing for better risk management."
2025-11-24 19:16:06.256895,"{'price': 106314.96, 'rsi': 88.72380520318983, 'sma20': 103345.183, 'sma50': 102665.4942, 'sma200': 104444.55795, 'ema12': 104351.61947979782, 'ema26': 103506.08714184728, 'macd': 845.5323379505426, 'atr': 879.018571428572}","{'action': 'BUY', 'position_size': 5.0, 'reason': 'EMA12>EMA26', 'conditions': ['EMA_Uptrend']}","{'action': 'BUY', 'position_size': 5.0, 'reason': 'The price is above the EMA12 and EMA26 lines, indicating a potential trend reversal. This suggests that the rule-based strategy is potentially optimal.', 'improvement': 'The rule-based strategy is able to identify potential trend reversals based on the price and RSI levels, which can help to improve trading decisions.'}","The rule-based strategy is able to identify potential trend reversals based on the price and RSI levels, which can help to improve trading decisions."
2025-11-24 19:16:19.095418,"{'price': 105995.26, 'rsi': 64.16694054656736, 'sma20': 105328.35900000001, 'sma50': 103359.7744, 'sma200': 104243.52699999999, 'ema12': 105809.78113705132, 'ema26': 104914.23392757442, 'macd': 895.5472094769066, 'atr': 714.2728571428555}","{'action': 'BUY', 'position_size': 5.0, 'reason': 'EMA12>EMA26', 'conditions': ['EMA_Uptrend']}","{'action': 'BUY', 'position_size': 5.0, 'reason': 'The price is above the EMA12 and EMA26 lines, indicating a potential breakout opportunity.', 'improvement': 'The rule-based strategy is slightly improved by focusing on price action above the EMA lines.'}",The rule-based strategy is slightly improved by focusing on price action above the EMA lines.
2025-11-24 19:16:33.775784,"{'price': 106010.73, 'rsi': 48.34649196308164, 'sma20': 105911.027, 'sma50': 104100.16279999999, 'sma200': 103995.41900000001, 'ema12': 105726.87680240438, 'ema26': 105338.3931246172, 'macd': 388.4836777871824, 'atr': 686.3557142857151}","{'action': 'BUY', 'position_size': 5.0, 'reason': 'EMA12>EMA26', 'conditions': ['EMA_Uptrend']}","{'action': 'BUY', 'position_size': 5.0, 'reason': 'The price is above the EMA12 and EMA26 lines, indicating a potential bullish reversal. This suggests that the rule-based strategy is likely to be optimal.', 'improvement': 'The improved rule-based strategy considers both the price and the RSI and MACD indicators, leading to a more nuanced and accurate decision.'}","The improved rule-based strategy considers both the price and the RSI and MACD indicators, leading to a more nuanced and accurate decision."
2025-11-24 19:16:48.861171,"{'price': 105261.27, 'rsi': 50.20438285310807, 'sma20': 105824.05249999999, 'sma50': 104889.131, 'sma200': 103782.56305, 'ema12': 105810.16936785, 'ema26': 105635.70273773832, 'macd': 174.4666301116813, 'atr': 763.9642857142868}","{'action': 'BUY', 'position_size': 5.0, 'reason': 'EMA12>EMA26', 'conditions': ['EMA_Uptrend']}","{'action': 'BUY', 'position_size': 5.0, 'reason': 'The price is above the EMA12 and EMA26 lines, indicating a potential bullish reversal. This suggests that the rule-based strategy is likely to generate a profit.', 'improvement': 'The improved rule-based strategy considers both the price and the relative strength of the trend and volume indicators, leading to a more accurate decision.'}","The improved rule-based strategy considers both the price and the relative strength of the trend and volume indicators, leading to a more accurate decision."
2025-11-24 19:17:02.604392,"{'price': 103399.43, 'rsi': 17.741459228828617, 'sma20': 105253.56850000001, 'sma50': 105375.745, 'sma200': 103586.30255000001, 'ema12': 104591.38181686345, 'ema26': 105001.7421203682, 'macd': -410.3603035047563, 'atr': 681.8164285714291}","{'action': 'SELL', 'position_size': 5.0, 'reason': 'EMA12<EMA26', 'conditions': ['EMA_Downtrend']}","{'action': 'BUY', 'position_size': 5.0, 'reason': 'Price is above EMA12 and EMA26, suggesting bullish reversal. This indicates a potential breakout opportunity.', 'improvement': 'The rule-based strategy is not optimal. Including additional indicators like RSI and MACD could improve the accuracy of the decision.'}",The rule-based strategy is not optimal. Including additional indicators like RSI and MACD could improve the accuracy of the decision.
2025-11-24 19:17:18.900416,"{'price': 103151.66, 'rsi': 29.891084056280633, 'sma20': 103819.9975, 'sma50': 105079.05679999999, 'sma200': 103376.78279999999, 'ema12': 103347.48289035964, 'ema26': 103958.83838411259, 'macd': -611.3554937529552, 'atr': 661.9328571428559}","{'action': 'SELL', 'position_size': 5.0, 'reason': 'EMA12<EMA26', 'conditions': ['EMA_Downtrend']}","{'action': 'BUY', 'position_size': 5.0, 'reason': 'The price is above the EMA12 and EMA26 lines, indicating a potential bullish reversal. This suggests that the rule-based strategy may be overvalued.', 'improvement': 'The RSI is oversold, suggesting that the price may continue to rise. The MACD is also showing a bearish crossover, indicating a potential bearish reversal. These indicators suggest that the rule-based strategy may be overvalued and should be bought instead.'}","The RSI is oversold, suggesting that the price may continue to rise. The MACD is also showing a bearish crossover, indicating a potential bearish reversal. These indicators suggest that the rule-based strategy may be overvalued and should be bought instead."
2025-11-24 19:17:34.158546,"{'price': 104993.74, 'rsi': 80.47202888051342, 'sma20': 103533.3045, 'sma50': 104657.72320000001, 'sma200': 103238.74740000001, 'ema12': 104143.98308809905, 'ema26': 104063.84126354443, 'macd': 80.14182455462287, 'atr': 533.9335714285709}","{'action': 'BUY', 'position_size': 10.0, 'reason': 'SMA50>SMA200 & MACD>0 & RSI>55', 'conditions': ['Bullish']}","{'action': 'BUY', 'position_size': 10.0, 'reason': 'SMA50>SMA200 & MACD>0 & RSI>55', 'improvement': 'The rule-based strategy is not optimal due to the low price and negative MACD crossover. The improved strategy would be to wait for a breakout above the SMA50 and a bullish MACD crossover before entering a long position.'}",The rule-based strategy is not optimal due to the low price and negative MACD crossover. The improved strategy would be to wait for a breakout above the SMA50 and a bullish MACD crossover before entering a long position.
2025-11-24 19:17:47.775606,"{'price': 101978.96, 'rsi': 31.876872258478713, 'sma20': 103133.8805, 'sma50': 103968.1982, 'sma200': 103141.3075, 'ema12': 102381.87402250724, 'ema26': 103014.50306740757, 'macd': -632.6290449003282, 'atr': 818.3849999999978}","{'action': 'SELL', 'position_size': 5.0, 'reason': 'EMA12<EMA26', 'conditions': ['EMA_Downtrend']}","{'action': 'BUY', 'position_size': 10.0, 'reason': 'The price is above the EMA26, indicating a potential bullish breakout. This breakout could lead to a significant price increase.', 'improvement': 'The inclusion of RSI and MACD indicators provides a more nuanced understanding of the market context.'}",The inclusion of RSI and MACD indicators provides a more nuanced understanding of the market context.
2025-11-24 19:18:00.924875,"{'price': 103684.06, 'rsi': 80.32661544952774, 'sma20': 102419.466, 'sma50': 103295.8886, 'sma200': 103205.39045, 'ema12': 102808.53880949065, 'ema26': 102861.46013644002, 'macd': -52.92132694936299, 'atr': 766.5271428571411}","{'action': 'BUY', 'position_size': 5.0, 'reason': 'RSI>60 & price>SMA20', 'conditions': ['RSI_Buy']}","{'action': 'BUY', 'position_size': 5.0, 'reason': 'RSI>60 & price>SMA20', 'improvement': 'The rule-based strategy is not optimal due to the low price and RSI value.'}",The rule-based strategy is not optimal due to the low price and RSI value.
2025-11-24 19:18:15.260187,"{'price': 98591.78, 'rsi': 29.774390747246102, 'sma20': 102154.11, 'sma50': 102728.4148, 'sma200': 103204.20335, 'ema12': 101383.38291592615, 'ema26': 102091.12430254181, 'macd': -707.7413866156567, 'atr': 1068.9849999999994}","{'action': 'HOLD', 'position_size': 0.0, 'reason': 'ATR > ATR_HIGH → HOLD', 'conditions': ['Volatile']}","{'action': 'HOLD', 'position_size': 0, 'reason': 'AI parse error', 'improvement': 'Used fallback'}",Used fallback
2025-11-24 19:18:31.547763,"{'price': 97823.98, 'rsi': 24.50279758418006, 'sma20': 100369.1845, 'sma50': 101915.5634, 'sma200': 102980.94300000001, 'ema12': 99416.50622441899, 'ema26': 100428.66614222332, 'macd': -1012.1599178043252, 'atr': 1192.4685714285722}","{'action': 'HOLD', 'position_size': 0.0, 'reason': 'ATR > ATR_HIGH → HOLD', 'conditions': ['Volatile']}","{'action': 'HOLD', 'position_size': 0, 'reason': 'AI parse error', 'improvement': 'Used fallback'}",Used fallback
2025-11-24 19:18:46.971633,"{'price': 96542.38, 'rsi': 32.281551629409265, 'sma20': 97826.8755, 'sma50': 100445.8432, 'sma200': 102634.74675, 'ema12': 96935.6704253263, 'ema26': 98324.91822108885, 'macd': -1389.2477957625524, 'atr': 1174.357142857143}","{'action': 'HOLD', 'position_size': 0.0, 'reason': 'ATR > ATR_HIGH → HOLD', 'conditions': ['Volatile']}","{'action': 'HOLD', 'position_size': 0, 'reason': 'AI parse error', 'improvement': 'Used fallback'}",Used fallback
2025-11-24 19:19:02.033065,"{'price': 95149.35, 'rsi': 41.34404043786086, 'sma20': 96069.1585, 'sma50': 99089.67459999998, 'sma200': 102276.94365, 'ema12': 95549.79507959119, 'ema26': 96730.5543794546, 'macd': -1180.7592998634063, 'atr': 1276.6285714285727}","{'action': 'HOLD', 'position_size': 0.0, 'reason': 'ATR > ATR_HIGH → HOLD', 'conditions': ['Volatile']}","{'action': 'HOLD', 'position_size': 0, 'reason': 'AI parse error', 'improvement': 'Used fallback'}",Used fallback
2025-11-24 19:19:18.534603,"{'price': 95952.13, 'rsi': 65.80806174406095, 'sma20': 95799.749, 'sma50': 97797.95639999998, 'sma200': 102009.4426, 'ema12': 95970.50511307066, 'ema26': 96389.14934261741, 'macd': -418.64422954675683, 'atr': 734.2071428571414}","{'action': 'BUY', 'position_size': 5.0, 'reason': 'RSI>60 & price>SMA20', 'conditions': ['RSI_Buy']}","{'action': 'BUY', 'position_size': 5.0, 'reason': 'RSI>60 & price>SMA20, indicating a potential bullish reversal with increased risk', 'improvement': 'The rule-based strategy is not optimal due to the bearish trend and normal volatility. The RSI and MACD indicators suggest a potential bearish reversal, which the rule-based strategy might not adequately capture.'}","The rule-based strategy is not optimal due to the bearish trend and normal volatility. The RSI and MACD indicators suggest a potential bearish reversal, which the rule-based strategy might not adequately capture."
2025-11-24 19:19:52.387377,"{'price': 95813.53, 'rsi': 43.48158736438258, 'sma20': 95828.9865, 'sma50': 95981.8772, 'sma200': 101410.49790000002, 'ema12': 95765.5059911181, 'ema26': 95910.48014410808, 'macd': -144.97415298997657, 'atr': 470.52214285714166}","{'action': 'SELL', 'position_size': 10.0, 'reason': 'SMA50<SMA200 & MACD<0 & RSI<45', 'conditions': ['Bearish']}","{'action': 'SELL', 'position_size': 10.0, 'reason': 'SMA50<SMA200 & MACD<0 & RSI<45', 'improvement': 'The rule-based decision is not optimal. The RSI is too high (55.60), indicating potential overbought conditions. This could lead to a false signal to sell.'}","The rule-based decision is not optimal. The RSI is too high (55.60), indicating potential overbought conditions. This could lead to a false signal to sell."
2025-11-24 19:20:22.856428,"{'price': 94976.18, 'rsi': 42.86691195599652, 'sma20': 94995.673, 'sma50': 95552.48300000001, 'sma200': 100677.62965000002, 'ema12': 94683.5592306208, 'ema26': 95009.93353985171, 'macd': -326.37430923091597, 'atr': 1010.8192857142858}","{'action': 'HOLD', 'position_size': 0.0, 'reason': 'ATR > ATR_HIGH → HOLD', 'conditions': ['Volatile']}","{'action': 'HOLD', 'position_size': 0, 'reason': 'AI parse error', 'improvement': 'Used fallback'}",Used fallback
2025-11-24 19:20:37.490069,"{'price': 95312.23, 'rsi': 65.13112921515476, 'sma20': 94897.926, 'sma50': 95419.00340000002, 'sma200': 100350.49484999999, 'ema12': 95330.2075143391, 'ema26': 95253.91145390076, 'macd': 76.29606043834065, 'atr': 691.288571428573}","{'action': 'BUY', 'position_size': 5.0, 'reason': 'EMA12>EMA26', 'conditions': ['EMA_Uptrend']}","{'action': 'BUY', 'position_size': 5.0, 'reason': 'The price is above the EMA12 and EMA26 lines, indicating a potential uptrend. This suggests that the rule-based strategy is potentially optimal.', 'improvement': 'The RSI is neutral, indicating a balanced market. The MACD is also neutral, suggesting that the strategy is not overly bullish or bearish.'}","The RSI is neutral, indicating a balanced market. The MACD is also neutral, suggesting that the strategy is not overly bullish or bearish."
2025-11-24 19:20:52.166322,"{'price': 92247.63, 'rsi': 25.5510997338596, 'sma20': 94228.75600000001, 'sma50': 94818.5818, 'sma200': 99894.04394999999, 'ema12': 93118.09457539878, 'ema26': 93943.22223487876, 'macd': -825.1276594799856, 'atr': 1067.9750000000006}","{'action': 'HOLD', 'position_size': 0.0, 'reason': 'ATR > ATR_HIGH → HOLD', 'conditions': ['Volatile']}","{'action': 'HOLD', 'position_size': 0, 'reason': 'AI parse error', 'improvement': 'Used fallback'}",Used fallback
2025-11-24 19:21:08.443987,"{'price': 91220.0, 'rsi': 38.704023853114414, 'sma20': 91980.6395, 'sma50': 93879.6646, 'sma200': 99214.0405, 'ema12': 91180.23044528949, 'ema26': 92273.22195857983, 'macd': -1092.9915132903407, 'atr': 988.8835714285722}","{'action': 'SELL', 'position_size': 10.0, 'reason': 'SMA50<SMA200 & MACD<0 & RSI<45', 'conditions': ['Bearish']}","{'action': 'SELL', 'position_size': 10.0, 'reason': 'SMA50<SMA200 & MACD<0 & RSI<45', 'improvement': 'The rule-based decision is not optimal. The RSI is too high (58.2), indicating potential overbought conditions. This could lead to missed opportunities on the upside.'}","The rule-based decision is not optimal. The RSI is too high (58.2), indicating potential overbought conditions. This could lead to missed opportunities on the upside."
2025-11-24 19:21:40.909117,"{'price': 91163.2, 'rsi': 48.43533311310385, 'sma20': 92345.4615, 'sma50': 92819.58, 'sma200': 97857.48395000001, 'ema12': 92271.92392751615, 'ema26': 92360.26240834547, 'macd': -88.33848082931945, 'atr': 862.4578571428574}","{'action': 'SELL', 'position_size': 5.0, 'reason': 'EMA12<EMA26', 'conditions': ['EMA_Downtrend']}","{'action': 'SELL', 'position_size': 5.0, 'reason': 'EMA12<EMA26', 'improvement': 'The rule-based strategy is not optimal due to the bearish price trend and neutral RSI. The EMA12<EMA26 condition is not met, indicating a potential reversal in price direction.'}","The rule-based strategy is not optimal due to the bearish price trend and neutral RSI. The EMA12<EMA26 condition is not met, indicating a potential reversal in price direction."
2025-11-24 19:21:57.189793,"{'price': 91713.44, 'rsi': 43.54921286212109, 'sma20': 91948.841, 'sma50': 92008.8822, 'sma200': 97130.43265, 'ema12': 91634.03160555879, 'ema26': 91866.29573044625, 'macd': -232.264124887457, 'atr': 744.7814285714287}","{'action': 'SELL', 'position_size': 10.0, 'reason': 'SMA50<SMA200 & MACD<0 & RSI<45', 'conditions': ['Bearish']}","{'action': 'SELL', 'position_size': 10.0, 'reason': 'The current bearish market context with low RSI and MACD signals suggests a potential reversal. This aligns with the rule to sell when the SMA50 is below the SMA200 and the MACD is negative.', 'improvement': 'The improved reasoning considers the current market context and the specific indicators used in the rule.'}",The improved reasoning considers the current market context and the specific indicators used in the rule.
2025-11-24 19:22:11.395861,"{'price': 91891.32, 'rsi': 53.990363386960865, 'sma20': 90772.32, 'sma50': 91437.0056, 'sma200': 96409.3591, 'ema12': 90724.82740568431, 'ema26': 91031.75991601647, 'macd': -306.93251033216075, 'atr': 1008.1114285714284}","{'action': 'HOLD', 'position_size': 0.0, 'reason': 'ATR > ATR_HIGH → HOLD', 'conditions': ['Volatile']}","{'action': 'HOLD', 'position_size': 0, 'reason': 'AI parse error', 'improvement': 'Used fallback'}",Used fallback
2025-11-24 19:22:59.319895,"{'price': 85581.3, 'rsi': 37.47537937036627, 'sma20': 87833.7375, 'sma50': 89909.9592, 'sma200': 94342.9242, 'ema12': 86747.29607924701, 'ema26': 88100.44086453452, 'macd': -1353.1447852875135, 'atr': 1070.067142857144}","{'action': 'HOLD', 'position_size': 0.0, 'reason': 'ATR > ATR_HIGH → HOLD', 'conditions': ['Volatile']}","{'action': 'HOLD', 'position_size': 0, 'reason': 'AI parse error', 'improvement': 'Used fallback'}",Used fallback
2025-11-24 19:23:15.131409,"{'price': 84919.59, 'rsi': 47.824156526205066, 'sma20': 85021.664, 'sma50': 88331.8502, 'sma200': 93389.42305, 'ema12': 84283.05676869027, 'ema26': 85680.41616340075, 'macd': -1397.3593947104819, 'atr': 1660.8785714285716}","{'action': 'HOLD', 'position_size': 0.0, 'reason': 'ATR > ATR_HIGH → HOLD', 'conditions': ['Volatile']}","{'action': 'HOLD', 'position_size': 0, 'reason': 'AI parse error', 'improvement': 'Used fallback'}",Used fallback
2025-11-24 19:24:21.881041,"{'price': 86137.19, 'rsi': 67.70325066863522, 'sma20': 85189.7015, 'sma50': 84557.827, 'sma200': 90709.9623, 'ema12': 85707.04359041281, 'ema26': 85305.34509106887, 'macd': 401.69849934394006, 'atr': 607.8242857142862}","{'action': 'BUY', 'position_size': 5.0, 'reason': 'EMA12>EMA26', 'conditions': ['EMA_Uptrend']}","{'action': 'BUY', 'position_size': 5.0, 'reason': 'The price is above the EMA12 and EMA26 lines, indicating a potential breakout opportunity. This could lead to a significant price increase.', 'improvement': 'The inclusion of RSI and MACD indicators helps identify potential trend changes and volatility.'}",The inclusion of RSI and MACD indicators helps identify potential trend changes and volatility.
